<?xml version="1.0" encoding="UTF-8"?>
<application
  xmlns="http://java.sun.com/xml/ns/javaee"
  xmlns:xsi="http://www.w3.org/2001/XMLSchema-instance"
  xsi:schemaLocation="http://java.sun.com/xml/ns/javaee
                      http://java.sun.com/xml/ns/javaee/application_5.xsd"
  version="5">

  <description>Test Application</description>
  <display-name>My Test Map Reduce Java App</display-name>

  <module>
    <web>
      <web-uri>default</web-uri>
      <context-root>default</context-root>
    </web>
  </module>

  <module>
    <web>
      <web-uri>mapreduce</web-uri>
      <context-root>mapreduce</context-root>
    </web>
  </module>

</application>
